{"cameraMode":{"drawMode":0,"name":"Shaded","section":"Shading Mode"},"sceneLighting":false,"audioPlay":false,"sceneViewState":{"m_AlwaysRefresh":false,"showFog":true,"showSkybox":false,"showFlares":true,"showImageEffects":true,"showParticleSystems":true,"showVisualEffectGraphs":true,"m_FxEnabled":true},"in2DMode":false,"pivot":{"x":-6.900000095367432,"y":1.0509998798370362,"z":-2.5999999046325685},"rotation":{"x":0.05088429152965546,"y":0.7163392901420593,"z":-0.052528150379657748,"w":0.6939113140106201},"size":1.2726240158081055,"orthographic":true}