{"cameraMode":{"drawMode":0,"name":"Shaded","section":"Shading Mode"},"sceneLighting":false,"audioPlay":false,"sceneViewState":{"m_AlwaysRefresh":false,"showFog":true,"showSkybox":false,"showFlares":true,"showImageEffects":true,"showParticleSystems":true,"showVisualEffectGraphs":true,"m_FxEnabled":true},"in2DMode":false,"pivot":{"x":-0.04439999908208847,"y":-0.08959999680519104,"z":-0.013199999928474427},"rotation":{"x":-0.37777483463287356,"y":0.3666554093360901,"z":-0.16615676879882813,"w":-0.8338593244552612},"size":0.6556476354598999,"orthographic":true}