{"cameraMode":{"drawMode":0,"name":"Shaded","section":"Shading Mode"},"sceneLighting":false,"audioPlay":false,"sceneViewState":{"m_AlwaysRefresh":false,"showFog":true,"showSkybox":false,"showFlares":true,"showImageEffects":true,"showParticleSystems":true,"showVisualEffectGraphs":true,"m_FxEnabled":true},"in2DMode":false,"pivot":{"x":-2.5432071685791017,"y":-0.017423629760742189,"z":9.449697494506836},"rotation":{"x":0.1590835452079773,"y":0.44283339381217959,"z":-0.08016908168792725,"w":0.8787302374839783},"size":20.304819107055665,"orthographic":false}