{"cameraMode":{"drawMode":0,"name":"Shaded","section":"Shading Mode"},"sceneLighting":false,"audioPlay":false,"sceneViewState":{"m_AlwaysRefresh":false,"showFog":true,"showSkybox":false,"showFlares":true,"showImageEffects":true,"showParticleSystems":true,"showVisualEffectGraphs":true,"m_FxEnabled":true},"in2DMode":false,"pivot":{"x":0.6023105382919312,"y":1.495098352432251,"z":-1.1314014196395875},"rotation":{"x":0.1590835452079773,"y":0.44283339381217959,"z":-0.08016908168792725,"w":0.8787302374839783},"size":0.9232756495475769,"orthographic":false}