{"cameraMode":{"drawMode":0,"name":"Shaded","section":"Shading Mode"},"sceneLighting":false,"audioPlay":false,"sceneViewState":{"m_AlwaysRefresh":false,"showFog":true,"showSkybox":false,"showFlares":true,"showImageEffects":true,"showParticleSystems":true,"showVisualEffectGraphs":true,"m_FxEnabled":true},"in2DMode":false,"pivot":{"x":0.027000010013580323,"y":0.7244000434875488,"z":0.009000003337860108},"rotation":{"x":0.05571330711245537,"y":0.921943187713623,"z":-0.14471620321273805,"w":0.3549343943595886},"size":1.225622534751892,"orthographic":true}