{"cameraMode":{"drawMode":0,"name":"Shaded","section":"Shading Mode"},"sceneLighting":false,"audioPlay":false,"sceneViewState":{"m_AlwaysRefresh":false,"showFog":true,"showSkybox":false,"showFlares":true,"showImageEffects":true,"showParticleSystems":true,"showVisualEffectGraphs":true,"m_FxEnabled":true},"in2DMode":false,"pivot":{"x":-0.3963671326637268,"y":1.1484357118606568,"z":0.3962644934654236},"rotation":{"x":0.05088429152965546,"y":0.7163392901420593,"z":-0.052528150379657748,"w":0.6939113140106201},"size":1.431004524230957,"orthographic":true}