{"cameraMode":{"drawMode":0,"name":"Shaded","section":"Shading Mode"},"sceneLighting":false,"audioPlay":false,"sceneViewState":{"m_AlwaysRefresh":false,"showFog":true,"showSkybox":false,"showFlares":true,"showImageEffects":true,"showParticleSystems":true,"showVisualEffectGraphs":true,"m_FxEnabled":true},"in2DMode":false,"pivot":{"x":-0.0012853145599365235,"y":0.6205009818077087,"z":0.07622238993644715},"rotation":{"x":0.05571330711245537,"y":0.921943187713623,"z":-0.14471620321273805,"w":0.3549343943595886},"size":1.2573010921478272,"orthographic":true}