{"cameraMode":{"drawMode":0,"name":"Shaded","section":"Shading Mode"},"sceneLighting":false,"audioPlay":false,"sceneViewState":{"m_AlwaysRefresh":false,"showFog":true,"showSkybox":false,"showFlares":true,"showImageEffects":true,"showParticleSystems":true,"showVisualEffectGraphs":true,"m_FxEnabled":false},"in2DMode":false,"pivot":{"x":1.8275978565216065,"y":0.25891149044036868,"z":-3.591488838195801},"rotation":{"x":0.13518451154232026,"y":-0.48690077662467959,"z":0.07657774537801743,"w":0.8595348000526428},"size":0.3828543424606323,"orthographic":false}