{"cameraMode":{"drawMode":0,"name":"Shaded","section":"Shading Mode"},"sceneLighting":false,"audioPlay":false,"sceneViewState":{"m_AlwaysRefresh":false,"showFog":true,"showSkybox":false,"showFlares":true,"showImageEffects":true,"showParticleSystems":true,"showVisualEffectGraphs":true,"m_FxEnabled":false},"in2DMode":false,"pivot":{"x":-0.000005900859832763672,"y":0.09523560106754303,"z":0.00007219985127449036},"rotation":{"x":-0.33448922634124758,"y":0.583227813243866,"z":-0.28559908270835879,"w":-0.6829612255096436},"size":0.1083727553486824,"orthographic":false}