{"cameraMode":{"drawMode":0,"name":"Shaded","section":"Shading Mode"},"sceneLighting":false,"audioPlay":false,"sceneViewState":{"m_AlwaysRefresh":false,"showFog":true,"showSkybox":false,"showFlares":true,"showImageEffects":true,"showParticleSystems":true,"showVisualEffectGraphs":true,"m_FxEnabled":true},"in2DMode":false,"pivot":{"x":0.013363033533096314,"y":0.7728960514068604,"z":-0.016083985567092897},"rotation":{"x":0.05088429152965546,"y":0.7163392901420593,"z":-0.052528150379657748,"w":0.6939113140106201},"size":0.9187781810760498,"orthographic":true}