{"cameraMode":{"drawMode":0,"name":"Shaded","section":"Shading Mode"},"sceneLighting":false,"audioPlay":false,"sceneViewState":{"m_AlwaysRefresh":false,"showFog":true,"showSkybox":false,"showFlares":true,"showImageEffects":true,"showParticleSystems":true,"showVisualEffectGraphs":true,"m_FxEnabled":false},"in2DMode":false,"pivot":{"x":31.67694854736328,"y":1.3288887739181519,"z":-13.269000053405762},"rotation":{"x":-0.054722290486097339,"y":0.8532862067222595,"z":-0.09147939831018448,"w":-0.5104589462280273},"size":0.34641051292419436,"orthographic":false}