{"cameraMode":{"drawMode":0,"name":"Shaded","section":"Shading Mode"},"sceneLighting":false,"audioPlay":false,"sceneViewState":{"m_AlwaysRefresh":false,"showFog":true,"showSkybox":false,"showFlares":true,"showImageEffects":true,"showParticleSystems":true,"showVisualEffectGraphs":true,"m_FxEnabled":false},"in2DMode":false,"pivot":{"x":5.7198896408081059,"y":-2.7618818283081056,"z":-0.10560724884271622},"rotation":{"x":0.07853596657514572,"y":-0.6911812424659729,"z":0.07598710060119629,"w":0.714372992515564},"size":2.1806225776672365,"orthographic":false}