{"cameraMode":{"drawMode":0,"name":"Shaded","section":"Shading Mode"},"sceneLighting":false,"audioPlay":false,"sceneViewState":{"m_AlwaysRefresh":false,"showFog":true,"showSkybox":false,"showFlares":true,"showImageEffects":true,"showParticleSystems":true,"showVisualEffectGraphs":true,"m_FxEnabled":true},"in2DMode":false,"pivot":{"x":-0.0054553598165512089,"y":-0.0915568470954895,"z":-0.038596536964178088},"rotation":{"x":0.2547818422317505,"y":0.7329843044281006,"z":-0.36114972829818728,"w":0.5171091556549072},"size":0.23875480890274049,"orthographic":false}