{"cameraMode":{"drawMode":0,"name":"Shaded","section":"Shading Mode"},"sceneLighting":false,"audioPlay":false,"sceneViewState":{"m_AlwaysRefresh":false,"showFog":true,"showSkybox":false,"showFlares":true,"showImageEffects":true,"showParticleSystems":true,"showVisualEffectGraphs":true,"m_FxEnabled":true},"in2DMode":false,"pivot":{"x":0.0039871931076049809,"y":0.5957505702972412,"z":-0.16222703456878663},"rotation":{"x":0.037226494401693347,"y":0.5911778211593628,"z":-0.02733023092150688,"w":0.8052200675010681},"size":1.463590383529663,"orthographic":true}