{"cameraMode":{"drawMode":0,"name":"Shaded","section":"Shading Mode"},"sceneLighting":false,"audioPlay":false,"sceneViewState":{"m_AlwaysRefresh":false,"showFog":true,"showSkybox":false,"showFlares":true,"showImageEffects":true,"showParticleSystems":true,"showVisualEffectGraphs":true,"m_FxEnabled":true},"in2DMode":false,"pivot":{"x":0.05626767873764038,"y":0.6125878095626831,"z":0.050026629120111468},"rotation":{"x":0.05088429152965546,"y":0.7163392901420593,"z":-0.052528150379657748,"w":0.6939113140106201},"size":0.7121621966362,"orthographic":true}