{"cameraMode":{"drawMode":0,"name":"Shaded","section":"Shading Mode"},"sceneLighting":true,"audioPlay":false,"sceneViewState":{"m_AlwaysRefresh":false,"showFog":true,"showSkybox":true,"showFlares":true,"showImageEffects":true,"showParticleSystems":true,"showVisualEffectGraphs":true,"m_FxEnabled":false},"in2DMode":false,"pivot":{"x":19.870893478393556,"y":2.6546030044555666,"z":-13.157219886779786},"rotation":{"x":0.503885805606842,"y":0.08574432879686356,"z":-0.050353940576314929,"w":0.8580310940742493},"size":5.024524688720703,"orthographic":false}