{"cameraMode":{"drawMode":0,"name":"Shaded","section":"Shading Mode"},"sceneLighting":true,"audioPlay":false,"sceneViewState":{"m_AlwaysRefresh":false,"showFog":true,"showSkybox":true,"showFlares":true,"showImageEffects":true,"showParticleSystems":true,"showVisualEffectGraphs":true,"m_FxEnabled":false},"in2DMode":false,"pivot":{"x":27.05000114440918,"y":1.4178003072738648,"z":-15.1899995803833},"rotation":{"x":0.46142250299453738,"y":0.09152550250291825,"z":-0.047928500920534137,"w":0.8811443448066711},"size":0.37443673610687258,"orthographic":false}