{"cameraMode":{"drawMode":0,"name":"Shaded","section":"Shading Mode"},"sceneLighting":true,"audioPlay":false,"sceneViewState":{"m_AlwaysRefresh":false,"showFog":true,"showSkybox":true,"showFlares":true,"showImageEffects":true,"showParticleSystems":true,"showVisualEffectGraphs":true,"m_FxEnabled":false},"in2DMode":false,"pivot":{"x":-1.8806489706039429,"y":2.0261049270629885,"z":-16.346195220947267},"rotation":{"x":0.7153455018997192,"y":0.16917623579502107,"z":-0.18555843830108643,"w":0.6521191596984863},"size":1.4629104137420655,"orthographic":false}