{"cameraMode":{"drawMode":0,"name":"Shaded","section":"Shading Mode"},"sceneLighting":true,"audioPlay":false,"sceneViewState":{"m_AlwaysRefresh":false,"showFog":true,"showSkybox":true,"showFlares":true,"showImageEffects":true,"showParticleSystems":true,"showVisualEffectGraphs":true,"m_FxEnabled":false},"in2DMode":false,"pivot":{"x":0.004457950592041016,"y":-4.739602088928223,"z":-12.672269821166993},"rotation":{"x":0.1094936653971672,"y":-0.6969420909881592,"z":0.1089692935347557,"w":0.7002931237220764},"size":12.645920753479004,"orthographic":false}