{"cameraMode":{"drawMode":0,"name":"Shaded","section":"Shading Mode"},"sceneLighting":true,"audioPlay":false,"sceneViewState":{"m_AlwaysRefresh":false,"showFog":true,"showSkybox":true,"showFlares":true,"showImageEffects":true,"showParticleSystems":true,"showVisualEffectGraphs":true,"m_FxEnabled":false},"in2DMode":false,"pivot":{"x":2.2945046424865724,"y":-442.4615478515625,"z":-11.66091537475586},"rotation":{"x":0.24765196442604066,"y":0.11246932297945023,"z":-0.028957590460777284,"w":0.9618632197380066},"size":0.8660253882408142,"orthographic":false}